INSERT INTO churches (name, denomination, address, area, longitude, latitude, established, services, phone, website) VALUES
('St. Mary''s Basilica', 'Catholic', 'Shivajinagar, Bengaluru', 'Shivajinagar', 77.6033, 12.9850, 1882, '["Sunday 6:00 AM", "Sunday 8:00 AM", "Sunday 10:00 AM"]', '+91 80 2559 2237', NULL),
('St. Patrick''s Church', 'Catholic', 'Brigade Road, Bengaluru', 'Brigade Road', 77.6065, 12.9716, 1844, '["Sunday 7:00 AM", "Sunday 9:00 AM", "Sunday 11:00 AM"]', NULL, NULL),
('Holy Trinity Church', 'Anglican', 'MG Road, Bengaluru', 'MG Road', 77.6069, 12.9758, 1851, '["Sunday 8:00 AM", "Sunday 10:30 AM"]', NULL, NULL),
('St. Andrew''s Church', 'Church of South India', 'Cubbon Road, Bengaluru', 'Cubbon Park', 77.5936, 12.9780, 1866, '["Sunday 8:00 AM", "Sunday 10:00 AM"]', NULL, NULL),
('St. Mark''s Cathedral', 'Anglican', 'MG Road, Bengaluru', 'MG Road', 77.5978, 12.9734, 1808, '["Sunday 7:30 AM", "Sunday 9:30 AM", "Sunday 6:00 PM"]', NULL, NULL),
('Bethel AG Church', 'Pentecostal', 'Indiranagar, Bengaluru', 'Indiranagar', 77.6408, 12.9784, NULL, '["Sunday 9:00 AM", "Sunday 11:00 AM"]', NULL, NULL),
('Word of Faith Church', 'Evangelical', 'Koramangala, Bengaluru', 'Koramangala', 77.6245, 12.9352, NULL, '["Sunday 10:00 AM", "Sunday 5:00 PM"]', NULL, NULL),
('St. Joseph''s Church', 'Catholic', 'Museum Road, Bengaluru', 'Museum Road', 77.5967, 12.9712, 1851, '["Sunday 6:30 AM", "Sunday 8:30 AM", "Sunday 10:30 AM"]', NULL, NULL),
('Bethesda Assembly', 'Brethren', 'Richmond Town, Bengaluru', 'Richmond Town', 77.5959, 12.9632, NULL, '["Sunday 9:00 AM", "Sunday 6:00 PM"]', NULL, NULL),
('Calvary Temple', 'Pentecostal', 'Lingarajapuram, Bengaluru', 'Lingarajapuram', 77.6125, 13.0167, NULL, '["Sunday 8:00 AM", "Sunday 10:30 AM", "Sunday 6:30 PM"]', NULL, NULL),
('Our Lady of Lourdes Church', 'Catholic', 'Whitefield, Bengaluru', 'Whitefield', 77.7506, 12.9698, 1882, '["Sunday 7:00 AM", "Sunday 9:00 AM", "Sunday 11:00 AM"]', NULL, NULL),
('Christ Church', 'Church of South India', 'Frazer Town, Bengaluru', 'Frazer Town', 77.6167, 13.0042, 1869, '["Sunday 8:30 AM", "Sunday 10:30 AM"]', NULL, NULL),
('Good Shepherd Church', 'Catholic', 'Museum Road, Bengaluru', 'Museum Road', 77.5989, 12.9689, NULL, '["Sunday 7:00 AM", "Sunday 9:30 AM"]', NULL, NULL),
('St. Francis Xavier Cathedral', 'Catholic', 'Cleveland Town, Bengaluru', 'Cleveland Town', 77.6021, 12.9612, 1851, '["Sunday 6:00 AM", "Sunday 8:00 AM", "Sunday 10:00 AM", "Sunday 6:00 PM"]', NULL, NULL),
('Hebron Church', 'Pentecostal', 'HSR Layout, Bengaluru', 'HSR Layout', 77.6389, 12.9116, NULL, '["Sunday 9:30 AM", "Sunday 6:00 PM"]', NULL, NULL),
('New Life AG Church', 'Pentecostal', 'Jayanagar, Bengaluru', 'Jayanagar', 77.5820, 12.9308, NULL, '["Sunday 9:00 AM", "Sunday 11:00 AM"]', NULL, NULL),
('Immanuel Church', 'Lutheran', 'Ulsoor, Bengaluru', 'Ulsoor', 77.6200, 12.9833, 1879, '["Sunday 8:00 AM", "Sunday 10:00 AM"]', NULL, NULL),
('Grace Tabernacle', 'Evangelical', 'Malleswaram, Bengaluru', 'Malleswaram', 77.5678, 13.0067, NULL, '["Sunday 9:30 AM", "Sunday 6:30 PM"]', NULL, NULL),
('St. Germain Church', 'Catholic', 'Rajajinagar, Bengaluru', 'Rajajinagar', 77.5525, 12.9908, NULL, '["Sunday 7:00 AM", "Sunday 9:00 AM", "Sunday 11:00 AM"]', NULL, NULL),
('Bethel Marthoma Church', 'Marthoma', 'JP Nagar, Bengaluru', 'JP Nagar', 77.5912, 12.9081, NULL, '["Sunday 8:30 AM", "Sunday 10:30 AM"]', NULL, NULL);
